Runtime,Sim ID,Model,Method,Spike Threshold,N Hidden
1.5995450019836426,0,Spike,Feedback Align,9.999999999999997e-06,100
1.5299253463745117,0,Spike,Feedback Align,0.0010000000000000002,100
1.4429514408111572,0,Spike,Feedback Align,0.10000000000000002,100
2.852627992630005,0,Spike,Feedback Align,9.999999999999997e-06,500
2.6529324054718018,0,Spike,Feedback Align,0.0010000000000000002,500
2.728924512863159,0,Spike,Feedback Align,0.10000000000000002,500
